track,bodies,workers,built,mean_ms,median_ms,awake
track A (Rae port),1000,1,991,1.81478,1.78488,990
track A (Rae port),2000,1,1954,3.93271,3.96433,1953
track A (Rae port),5000,1,4951,11.834,11.8133,4950
track A (Rae port),10000,1,9871,27.4403,27.2817,9870
track A (Rae port),20000,1,19901,59.2039,59.0981,19900
track A (Rae port),1000,2,991,1.14652,1.16646,990
track A (Rae port),2000,2,1954,2.17255,2.21096,1953
track A (Rae port),5000,2,4951,6.27395,6.26975,4950
track A (Rae port),10000,2,9871,14.245,14.1766,9870
track A (Rae port),20000,2,19901,31.941,31.9001,19900
track A (Rae port),1000,4,991,0.757555,0.805458,990
track A (Rae port),2000,4,1954,1.44215,1.49004,1953
track A (Rae port),5000,4,4951,3.65762,3.65208,4950
track A (Rae port),10000,4,9871,7.96809,7.88462,9870
track A (Rae port),20000,4,19901,17.8824,17.776,19900
track A (Rae port),1000,8,991,0.744591,0.699,990
track A (Rae port),2000,8,1954,1.50423,1.48217,1953
track A (Rae port),5000,8,4951,2.88161,2.87179,4950
track A (Rae port),10000,8,9871,6.20619,5.92371,9870
track A (Rae port),20000,8,19901,12.6696,12.5663,19900
track B (Box3D C),1000,1,991,1.31251,1.2895,990
track B (Box3D C),2000,1,1954,2.70923,2.69908,1953
track B (Box3D C),5000,1,4951,7.97548,7.92233,4950
track B (Box3D C),10000,1,9871,18.1237,17.9861,9870
track B (Box3D C),20000,1,19901,40.447,40.3462,19900
track B (Box3D C),1000,2,991,1.03422,1.03612,990
track B (Box3D C),2000,2,1954,1.76086,1.76283,1953
track B (Box3D C),5000,2,4951,4.64973,4.64354,4950
track B (Box3D C),10000,2,9871,10.0551,10.0038,9870
track B (Box3D C),20000,2,19901,21.9756,21.9071,19900
track B (Box3D C),1000,4,991,0.682592,0.692333,990
track B (Box3D C),2000,4,1954,1.16585,1.17025,1953
track B (Box3D C),5000,4,4951,2.78911,2.76396,4950
track B (Box3D C),10000,4,9871,5.77601,5.75267,9870
track B (Box3D C),20000,4,19901,12.852,12.7882,19900
track B (Box3D C),1000,8,991,0.719378,0.723,990
track B (Box3D C),2000,8,1954,1.05683,1.01921,1953
track B (Box3D C),5000,8,4951,2.35869,2.19729,4950
track B (Box3D C),10000,8,9871,4.28056,4.22946,9870
track B (Box3D C),20000,8,19901,9.0913,9.00404,19900
