language,scenario,elapsed_ns,checksum
rae,int_sequential_optional,791875,4227337856
rae,int_collection_value,782208,4227337856
rae,int_collection_view,779959,4227337856
rae,int_constant_optional,2677958,2634022912
rae,int_strided_optional,31781125,4227174912
rae,int_random_optional,6842000,4227337856
rae,int_mostly_valid_optional,8769708,4223109862
rae,int_mixed_invalid_optional,6646084,3170409344
rae,struct_sequential_optional_value,5923541,972888448
rae,struct_sequential_optional_view,6931083,972888448
rae,struct_collection_value,5643666,972888448
rae,struct_collection_view,6660833,972888448
rae,struct_random_optional_view,9402958,972888448
rae,scatter_default_set,13385791,-280
rae,scatter_iflet_set,11629916,-280
rae,scatter_iflet_modat,3764666,-280
rae,int_sequential_optional,866334,4227337856
rae,int_collection_value,850375,4227337856
rae,int_collection_view,822125,4227337856
rae,int_constant_optional,3887833,2634022912
rae,int_strided_optional,30637250,4227174912
rae,int_random_optional,6757500,4227337856
rae,int_mostly_valid_optional,9606542,4223109862
rae,int_mixed_invalid_optional,6875250,3170409344
rae,struct_sequential_optional_value,6862583,972888448
rae,struct_sequential_optional_view,5562917,972888448
rae,struct_collection_value,5745209,972888448
rae,struct_collection_view,6598083,972888448
rae,struct_random_optional_view,8943875,972888448
rae,scatter_default_set,12631750,-280
rae,scatter_iflet_set,10778292,-280
rae,scatter_iflet_modat,3805792,-280
rae,int_sequential_optional,799541,4227337856
rae,int_collection_value,918875,4227337856
rae,int_collection_view,1829125,4227337856
rae,int_constant_optional,2661500,2634022912
rae,int_strided_optional,31739291,4227174912
rae,int_random_optional,5446000,4227337856
rae,int_mostly_valid_optional,9652459,4223109862
rae,int_mixed_invalid_optional,7615417,3170409344
rae,struct_sequential_optional_value,5706834,972888448
rae,struct_sequential_optional_view,5588417,972888448
rae,struct_collection_value,6367292,972888448
rae,struct_collection_view,5634166,972888448
rae,struct_random_optional_view,10255708,972888448
rae,scatter_default_set,13402417,-280
rae,scatter_iflet_set,11254125,-280
rae,scatter_iflet_modat,3889208,-280
rae,int_sequential_optional,786208,4227337856
rae,int_collection_value,791292,4227337856
rae,int_collection_view,804625,4227337856
rae,int_constant_optional,2720041,2634022912
rae,int_strided_optional,31804125,4227174912
rae,int_random_optional,5987583,4227337856
rae,int_mostly_valid_optional,9583709,4223109862
rae,int_mixed_invalid_optional,6638542,3170409344
rae,struct_sequential_optional_value,6254875,972888448
rae,struct_sequential_optional_view,5605542,972888448
rae,struct_collection_value,5711500,972888448
rae,struct_collection_view,6181167,972888448
rae,struct_random_optional_view,8964750,972888448
rae,scatter_default_set,12626083,-280
rae,scatter_iflet_set,11257584,-280
rae,scatter_iflet_modat,4511125,-280
rae,int_sequential_optional,783083,4227337856
rae,int_collection_value,781500,4227337856
rae,int_collection_view,783375,4227337856
rae,int_constant_optional,3048666,2634022912
rae,int_strided_optional,30779500,4227174912
rae,int_random_optional,5788083,4227337856
rae,int_mostly_valid_optional,10173750,4223109862
rae,int_mixed_invalid_optional,7004625,3170409344
rae,struct_sequential_optional_value,6713417,972888448
rae,struct_sequential_optional_view,5563750,972888448
rae,struct_collection_value,6420708,972888448
rae,struct_collection_view,5486167,972888448
rae,struct_random_optional_view,8713208,972888448
rae,scatter_default_set,14068291,-280
rae,scatter_iflet_set,10089583,-280
rae,scatter_iflet_modat,4921709,-280
rae,int_sequential_optional,799791,4227337856
rae,int_collection_value,804750,4227337856
rae,int_collection_view,786334,4227337856
rae,int_constant_optional,2820208,2634022912
rae,int_strided_optional,31532209,4227174912
rae,int_random_optional,6672584,4227337856
rae,int_mostly_valid_optional,9645875,4223109862
rae,int_mixed_invalid_optional,6960167,3170409344
rae,struct_sequential_optional_value,5728084,972888448
rae,struct_sequential_optional_view,5530917,972888448
rae,struct_collection_value,6380791,972888448
rae,struct_collection_view,6125541,972888448
rae,struct_random_optional_view,9067042,972888448
rae,scatter_default_set,12678375,-280
rae,scatter_iflet_set,10974542,-280
rae,scatter_iflet_modat,3731209,-280
rae,int_sequential_optional,819583,4227337856
rae,int_collection_value,837708,4227337856
rae,int_collection_view,1419625,4227337856
rae,int_constant_optional,2934917,2634022912
rae,int_strided_optional,31523000,4227174912
rae,int_random_optional,5474041,4227337856
rae,int_mostly_valid_optional,9355167,4223109862
rae,int_mixed_invalid_optional,7340042,3170409344
rae,struct_sequential_optional_value,5503334,972888448
rae,struct_sequential_optional_view,5453750,972888448
rae,struct_collection_value,6232541,972888448
rae,struct_collection_view,5570042,972888448
rae,struct_random_optional_view,9977625,972888448
rae,scatter_default_set,12173750,-280
rae,scatter_iflet_set,11985458,-280
rae,scatter_iflet_modat,3778000,-280
rae,int_sequential_optional,785875,4227337856
rae,int_collection_value,785750,4227337856
rae,int_collection_view,785667,4227337856
rae,int_constant_optional,3165958,2634022912
rae,int_strided_optional,31831375,4227174912
rae,int_random_optional,6215125,4227337856
rae,int_mostly_valid_optional,9506792,4223109862
rae,int_mixed_invalid_optional,6830125,3170409344
rae,struct_sequential_optional_value,6498750,972888448
rae,struct_sequential_optional_view,5593334,972888448
rae,struct_collection_value,5657125,972888448
rae,struct_collection_view,6526667,972888448
rae,struct_random_optional_view,9299625,972888448
rae,scatter_default_set,12244167,-280
rae,scatter_iflet_set,10616083,-280
rae,scatter_iflet_modat,3885167,-280
rae,int_sequential_optional,797584,4227337856
rae,int_collection_value,803666,4227337856
rae,int_collection_view,783458,4227337856
rae,int_constant_optional,3623167,2634022912
rae,int_strided_optional,31391917,4227174912
rae,int_random_optional,5604041,4227337856
rae,int_mostly_valid_optional,9615959,4223109862
rae,int_mixed_invalid_optional,6640333,3170409344
rae,struct_sequential_optional_value,6792958,972888448
rae,struct_sequential_optional_view,5522958,972888448
rae,struct_collection_value,5653458,972888448
rae,struct_collection_view,6262917,972888448
rae,struct_random_optional_view,8944500,972888448
rae,scatter_default_set,13044041,-280
rae,scatter_iflet_set,10884208,-280
rae,scatter_iflet_modat,3833958,-280
c,int_sequential_unchecked,777000,4227337856
c,int_sequential_checked,770000,4227337856
c,int_collection,770000,4227337856
c,int_constant_checked,2972000,2634022912
c,int_strided_checked,31064000,4227174912
c,int_random_checked,5420000,4227337856
c,int_mostly_valid_checked,7117000,4223109862
c,int_mixed_invalid_checked,4855000,3170409344
c,struct_sequential_value,6625000,972888448
c,struct_sequential_pointer,5490000,972888448
c,struct_collection_value,6833000,972888448
c,struct_collection_pointer,5501000,972888448
c,struct_random_pointer,8684000,972888448
c,scatter_checked,3188000,-280
c,int_sequential_unchecked,846000,4227337856
c,int_sequential_checked,801000,4227337856
c,int_collection,824000,4227337856
c,int_constant_checked,3023000,2634022912
c,int_strided_checked,32503000,4227174912
c,int_random_checked,5517000,4227337856
c,int_mostly_valid_checked,8764000,4223109862
c,int_mixed_invalid_checked,4944000,3170409344
c,struct_sequential_value,5589000,972888448
c,struct_sequential_pointer,5565000,972888448
c,struct_collection_value,5736000,972888448
c,struct_collection_pointer,6235000,972888448
c,struct_random_pointer,7683000,972888448
c,scatter_checked,3267000,-280
c,int_sequential_unchecked,787000,4227337856
c,int_sequential_checked,786000,4227337856
c,int_collection,800000,4227337856
c,int_constant_checked,3851000,2634022912
c,int_strided_checked,31301000,4227174912
c,int_random_checked,5485000,4227337856
c,int_mostly_valid_checked,8147000,4223109862
c,int_mixed_invalid_checked,4714000,3170409344
c,struct_sequential_value,6334000,972888448
c,struct_sequential_pointer,5596000,972888448
c,struct_collection_value,5869000,972888448
c,struct_collection_pointer,5751000,972888448
c,struct_random_pointer,6965000,972888448
c,scatter_checked,3339000,-280
c,int_sequential_unchecked,833000,4227337856
c,int_sequential_checked,786000,4227337856
c,int_collection,789000,4227337856
c,int_constant_checked,2982000,2634022912
c,int_strided_checked,31516000,4227174912
c,int_random_checked,5538000,4227337856
c,int_mostly_valid_checked,7753000,4223109862
c,int_mixed_invalid_checked,4834000,3170409344
c,struct_sequential_value,5659000,972888448
c,struct_sequential_pointer,5479000,972888448
c,struct_collection_value,6547000,972888448
c,struct_collection_pointer,5697000,972888448
c,struct_random_pointer,7284000,972888448
c,scatter_checked,3197000,-280
c,int_sequential_unchecked,832000,4227337856
c,int_sequential_checked,841000,4227337856
c,int_collection,803000,4227337856
c,int_constant_checked,3033000,2634022912
c,int_strided_checked,32416000,4227174912
c,int_random_checked,5506000,4227337856
c,int_mostly_valid_checked,7300000,4223109862
c,int_mixed_invalid_checked,4901000,3170409344
c,struct_sequential_value,5656000,972888448
c,struct_sequential_pointer,5771000,972888448
c,struct_collection_value,5660000,972888448
c,struct_collection_pointer,5452000,972888448
c,struct_random_pointer,8892000,972888448
c,scatter_checked,3215000,-280
c,int_sequential_unchecked,794000,4227337856
c,int_sequential_checked,1269000,4227337856
c,int_collection,1093000,4227337856
c,int_constant_checked,3067000,2634022912
c,int_strided_checked,30887000,4227174912
c,int_random_checked,6475000,4227337856
c,int_mostly_valid_checked,7355000,4223109862
c,int_mixed_invalid_checked,5877000,3170409344
c,struct_sequential_value,5610000,972888448
c,struct_sequential_pointer,5619000,972888448
c,struct_collection_value,5581000,972888448
c,struct_collection_pointer,6075000,972888448
c,struct_random_pointer,7709000,972888448
c,scatter_checked,3257000,-280
c,int_sequential_unchecked,787000,4227337856
c,int_sequential_checked,785000,4227337856
c,int_collection,784000,4227337856
c,int_constant_checked,3065000,2634022912
c,int_strided_checked,32279000,4227174912
c,int_random_checked,5598000,4227337856
c,int_mostly_valid_checked,7289000,4223109862
c,int_mixed_invalid_checked,4949000,3170409344
c,struct_sequential_value,5581000,972888448
c,struct_sequential_pointer,5521000,972888448
c,struct_collection_value,6203000,972888448
c,struct_collection_pointer,5560000,972888448
c,struct_random_pointer,7885000,972888448
c,scatter_checked,3249000,-280
c,int_sequential_unchecked,820000,4227337856
c,int_sequential_checked,792000,4227337856
c,int_collection,785000,4227337856
c,int_constant_checked,2992000,2634022912
c,int_strided_checked,30918000,4227174912
c,int_random_checked,5422000,4227337856
c,int_mostly_valid_checked,8487000,4223109862
c,int_mixed_invalid_checked,4784000,3170409344
c,struct_sequential_value,5654000,972888448
c,struct_sequential_pointer,6543000,972888448
c,struct_collection_value,5638000,972888448
c,struct_collection_pointer,5570000,972888448
c,struct_random_pointer,8015000,972888448
c,scatter_checked,3196000,-280
c,int_sequential_unchecked,787000,4227337856
c,int_sequential_checked,780000,4227337856
c,int_collection,874000,4227337856
c,int_constant_checked,3051000,2634022912
c,int_strided_checked,30494000,4227174912
c,int_random_checked,6114000,4227337856
c,int_mostly_valid_checked,7783000,4223109862
c,int_mixed_invalid_checked,5182000,3170409344
c,struct_sequential_value,5619000,972888448
c,struct_sequential_pointer,6602000,972888448
c,struct_collection_value,5480000,972888448
c,struct_collection_pointer,5488000,972888448
c,struct_random_pointer,7471000,972888448
c,scatter_checked,3347000,-280
rust,int_sequential_safe_index,785750,4227337856
rust,int_sequential_get,787084,4227337856
rust,int_iterator,786333,4227337856
rust,int_unchecked,785250,4227337856
rust,int_constant_get,2660250,2634022912
rust,int_strided_get,32875583,4227174912
rust,int_random_get,5860916,4227337856
rust,int_mostly_valid_get,8852000,4223109862
rust,int_mixed_invalid_get,5047958,3170409344
rust,struct_sequential_copy,5672334,972888448
rust,struct_sequential_get,5470250,972888448
rust,struct_iterator_copy,6750209,972888448
rust,struct_iterator_ref,6859375,972888448
rust,struct_random_get,10391583,972888448
rust,scatter_safe_index,3323416,-280
rust,int_sequential_safe_index,843000,4227337856
rust,int_sequential_get,782125,4227337856
rust,int_iterator,780833,4227337856
rust,int_unchecked,802583,4227337856
rust,int_constant_get,2680750,2634022912
rust,int_strided_get,32342333,4227174912
rust,int_random_get,5484834,4227337856
rust,int_mostly_valid_get,9050667,4223109862
rust,int_mixed_invalid_get,4894750,3170409344
rust,struct_sequential_copy,5416250,972888448
rust,struct_sequential_get,5505500,972888448
rust,struct_iterator_copy,5422292,972888448
rust,struct_iterator_ref,5513625,972888448
rust,struct_random_get,8484750,972888448
rust,scatter_safe_index,3454708,-280
rust,int_sequential_safe_index,877708,4227337856
rust,int_sequential_get,797459,4227337856
rust,int_iterator,783541,4227337856
rust,int_unchecked,793375,4227337856
rust,int_constant_get,2759542,2634022912
rust,int_strided_get,31733625,4227174912
rust,int_random_get,6768334,4227337856
rust,int_mostly_valid_get,8273958,4223109862
rust,int_mixed_invalid_get,4983625,3170409344
rust,struct_sequential_copy,6172125,972888448
rust,struct_sequential_get,5378417,972888448
rust,struct_iterator_copy,6247625,972888448
rust,struct_iterator_ref,5350417,972888448
rust,struct_random_get,8984750,972888448
rust,scatter_safe_index,4467583,-280
rust,int_sequential_safe_index,799500,4227337856
rust,int_sequential_get,795083,4227337856
rust,int_iterator,802375,4227337856
rust,int_unchecked,800083,4227337856
rust,int_constant_get,2758791,2634022912
rust,int_strided_get,31272125,4227174912
rust,int_random_get,5367166,4227337856
rust,int_mostly_valid_get,8606042,4223109862
rust,int_mixed_invalid_get,4929667,3170409344
rust,struct_sequential_copy,5648583,972888448
rust,struct_sequential_get,5557542,972888448
rust,struct_iterator_copy,5966208,972888448
rust,struct_iterator_ref,5737042,972888448
rust,struct_random_get,9962833,972888448
rust,scatter_safe_index,3333459,-280
rust,int_sequential_safe_index,814958,4227337856
rust,int_sequential_get,796250,4227337856
rust,int_iterator,831875,4227337856
rust,int_unchecked,818500,4227337856
rust,int_constant_get,2664083,2634022912
rust,int_strided_get,31309750,4227174912
rust,int_random_get,5410834,4227337856
rust,int_mostly_valid_get,8918209,4223109862
rust,int_mixed_invalid_get,4905958,3170409344
rust,struct_sequential_copy,5478209,972888448
rust,struct_sequential_get,5397500,972888448
rust,struct_iterator_copy,6033667,972888448
rust,struct_iterator_ref,5336667,972888448
rust,struct_random_get,9945250,972888448
rust,scatter_safe_index,3308375,-280
rust,int_sequential_safe_index,791625,4227337856
rust,int_sequential_get,847875,4227337856
rust,int_iterator,796250,4227337856
rust,int_unchecked,833667,4227337856
rust,int_constant_get,2762042,2634022912
rust,int_strided_get,30513916,4227174912
rust,int_random_get,5506291,4227337856
rust,int_mostly_valid_get,8848500,4223109862
rust,int_mixed_invalid_get,5082667,3170409344
rust,struct_sequential_copy,6592416,972888448
rust,struct_sequential_get,5493708,972888448
rust,struct_iterator_copy,5336541,972888448
rust,struct_iterator_ref,5463750,972888448
rust,struct_random_get,10677584,972888448
rust,scatter_safe_index,3340541,-280
rust,int_sequential_safe_index,800250,4227337856
rust,int_sequential_get,795542,4227337856
rust,int_iterator,800166,4227337856
rust,int_unchecked,862250,4227337856
rust,int_constant_get,2660167,2634022912
rust,int_strided_get,32208625,4227174912
rust,int_random_get,6676542,4227337856
rust,int_mostly_valid_get,8147083,4223109862
rust,int_mixed_invalid_get,5685417,3170409344
rust,struct_sequential_copy,5380959,972888448
rust,struct_sequential_get,6933209,972888448
rust,struct_iterator_copy,5465542,972888448
rust,struct_iterator_ref,5459166,972888448
rust,struct_random_get,9309250,972888448
rust,scatter_safe_index,3323417,-280
rust,int_sequential_safe_index,938958,4227337856
rust,int_sequential_get,830875,4227337856
rust,int_iterator,833209,4227337856
rust,int_unchecked,892667,4227337856
rust,int_constant_get,2653375,2634022912
rust,int_strided_get,31819959,4227174912
rust,int_random_get,5410917,4227337856
rust,int_mostly_valid_get,9166833,4223109862
rust,int_mixed_invalid_get,5026000,3170409344
rust,struct_sequential_copy,5453125,972888448
rust,struct_sequential_get,6361083,972888448
rust,struct_iterator_copy,5329916,972888448
rust,struct_iterator_ref,6393667,972888448
rust,struct_random_get,8790209,972888448
rust,scatter_safe_index,3398250,-280
rust,int_sequential_safe_index,791042,4227337856
rust,int_sequential_get,787708,4227337856
rust,int_iterator,835375,4227337856
rust,int_unchecked,799083,4227337856
rust,int_constant_get,2722250,2634022912
rust,int_strided_get,32778292,4227174912
rust,int_random_get,5397917,4227337856
rust,int_mostly_valid_get,8640292,4223109862
rust,int_mixed_invalid_get,5878125,3170409344
rust,struct_sequential_copy,5449209,972888448
rust,struct_sequential_get,5474416,972888448
rust,struct_iterator_copy,6189000,972888448
rust,struct_iterator_ref,5576750,972888448
rust,struct_random_get,9939417,972888448
rust,scatter_safe_index,3314708,-280
javascript,int_sequential_native,10303125,4227337856
javascript,int_sequential_checked,27592375,4227337856
javascript,int_collection,13776167,4227337856
javascript,int_constant_checked,21021875,2634022912
javascript,int_strided_checked,32361833,4227174912
javascript,int_random_checked,328547417,4227337856
javascript,int_mostly_valid_checked,343163625,4223109862
javascript,int_mixed_invalid_checked,255171292,3170409344
javascript,struct_sequential_ref,18535834,972888448
javascript,struct_collection_ref,15663916,972888448
javascript,struct_random_ref,417856209,972888448
javascript,scatter_typed_array,19970042,-280
javascript,int_sequential_native,10212041,4227337856
javascript,int_sequential_checked,45486167,4227337856
javascript,int_collection,9407416,4227337856
javascript,int_constant_checked,52433584,2634022912
javascript,int_strided_checked,45486375,4227174912
javascript,int_random_checked,330405000,4227337856
javascript,int_mostly_valid_checked,352096167,4223109862
javascript,int_mixed_invalid_checked,264735041,3170409344
javascript,struct_sequential_ref,17094958,972888448
javascript,struct_collection_ref,11863500,972888448
javascript,struct_random_ref,447015583,972888448
javascript,scatter_typed_array,12503208,-280
javascript,int_sequential_native,11224208,4227337856
javascript,int_sequential_checked,45612375,4227337856
javascript,int_collection,8776833,4227337856
javascript,int_constant_checked,52246541,2634022912
javascript,int_strided_checked,46257458,4227174912
javascript,int_random_checked,330234500,4227337856
javascript,int_mostly_valid_checked,341906417,4223109862
javascript,int_mixed_invalid_checked,256130708,3170409344
javascript,struct_sequential_ref,16627708,972888448
javascript,struct_collection_ref,12564125,972888448
javascript,struct_random_ref,417750000,972888448
javascript,scatter_typed_array,12647667,-280
javascript,int_sequential_native,10177917,4227337856
javascript,int_sequential_checked,44913167,4227337856
javascript,int_collection,8379875,4227337856
javascript,int_constant_checked,52169583,2634022912
javascript,int_strided_checked,46606250,4227174912
javascript,int_random_checked,336072625,4227337856
javascript,int_mostly_valid_checked,351541916,4223109862
javascript,int_mixed_invalid_checked,262122375,3170409344
javascript,struct_sequential_ref,17246125,972888448
javascript,struct_collection_ref,11652208,972888448
javascript,struct_random_ref,429951292,972888448
javascript,scatter_typed_array,12600875,-280
javascript,int_sequential_native,10181959,4227337856
javascript,int_sequential_checked,45610333,4227337856
javascript,int_collection,9303250,4227337856
javascript,int_constant_checked,54418750,2634022912
javascript,int_strided_checked,44787917,4227174912
javascript,int_random_checked,337996250,4227337856
javascript,int_mostly_valid_checked,344212167,4223109862
javascript,int_mixed_invalid_checked,260007208,3170409344
javascript,struct_sequential_ref,16416083,972888448
javascript,struct_collection_ref,11720750,972888448
javascript,struct_random_ref,410092125,972888448
javascript,scatter_typed_array,12246292,-280
javascript,int_sequential_native,10255334,4227337856
javascript,int_sequential_checked,45015833,4227337856
javascript,int_collection,9131250,4227337856
javascript,int_constant_checked,50715875,2634022912
javascript,int_strided_checked,44983541,4227174912
javascript,int_random_checked,330836333,4227337856
javascript,int_mostly_valid_checked,340462958,4223109862
javascript,int_mixed_invalid_checked,254271000,3170409344
javascript,struct_sequential_ref,16875708,972888448
javascript,struct_collection_ref,10920375,972888448
javascript,struct_random_ref,386172333,972888448
javascript,scatter_typed_array,13152709,-280
javascript,int_sequential_native,9859375,4227337856
javascript,int_sequential_checked,44710834,4227337856
javascript,int_collection,9498791,4227337856
javascript,int_constant_checked,51596542,2634022912
javascript,int_strided_checked,45713917,4227174912
javascript,int_random_checked,335991250,4227337856
javascript,int_mostly_valid_checked,348085167,4223109862
javascript,int_mixed_invalid_checked,259517000,3170409344
javascript,struct_sequential_ref,17114541,972888448
javascript,struct_collection_ref,11266417,972888448
javascript,struct_random_ref,420337250,972888448
javascript,scatter_typed_array,13669333,-280
javascript,int_sequential_native,9933625,4227337856
javascript,int_sequential_checked,45625209,4227337856
javascript,int_collection,8730750,4227337856
javascript,int_constant_checked,52727500,2634022912
javascript,int_strided_checked,44429959,4227174912
javascript,int_random_checked,335299459,4227337856
javascript,int_mostly_valid_checked,354026667,4223109862
javascript,int_mixed_invalid_checked,258449375,3170409344
javascript,struct_sequential_ref,16009833,972888448
javascript,struct_collection_ref,11497125,972888448
javascript,struct_random_ref,414918541,972888448
javascript,scatter_typed_array,13285708,-280
javascript,int_sequential_native,10739708,4227337856
javascript,int_sequential_checked,45012917,4227337856
javascript,int_collection,9263958,4227337856
javascript,int_constant_checked,50990375,2634022912
javascript,int_strided_checked,45497333,4227174912
javascript,int_random_checked,331077875,4227337856
javascript,int_mostly_valid_checked,343729958,4223109862
javascript,int_mixed_invalid_checked,249630000,3170409344
javascript,struct_sequential_ref,16731583,972888448
javascript,struct_collection_ref,11109292,972888448
javascript,struct_random_ref,397651709,972888448
javascript,scatter_typed_array,13492208,-280
python,int_sequential_native,330289541,4227337856
python,int_sequential_checked,796825083,4227337856
python,int_collection,201761500,4227337856
python,int_constant_checked,768294542,2634022912
python,int_strided_checked,1084732625,4227174912
python,int_random_checked,1569355125,4227337856
python,int_mostly_valid_checked,1901645583,4223109862
python,int_mixed_invalid_checked,1605047250,3170409344
python,struct_sequential_ref,947177833,972888448
python,struct_collection_ref,391826584,972888448
python,struct_random_ref,2202513000,972888448
python,scatter_list,626091125,-280
python,int_sequential_native,331618500,4227337856
python,int_sequential_checked,778676333,4227337856
python,int_collection,198854125,4227337856
python,int_constant_checked,755768333,2634022912
python,int_strided_checked,1080315917,4227174912
python,int_random_checked,1621659125,4227337856
python,int_mostly_valid_checked,1843854250,4223109862
python,int_mixed_invalid_checked,1624258417,3170409344
python,struct_sequential_ref,966910834,972888448
python,struct_collection_ref,390213000,972888448
python,struct_random_ref,2173433625,972888448
python,scatter_list,633887125,-280
python,int_sequential_native,331770583,4227337856
python,int_sequential_checked,799732916,4227337856
python,int_collection,202804292,4227337856
python,int_constant_checked,759298375,2634022912
python,int_strided_checked,1070134292,4227174912
python,int_random_checked,1614782834,4227337856
python,int_mostly_valid_checked,1912064084,4223109862
python,int_mixed_invalid_checked,1592934417,3170409344
python,struct_sequential_ref,969416625,972888448
python,struct_collection_ref,401515750,972888448
python,struct_random_ref,2213871417,972888448
python,scatter_list,616763125,-280
python,int_sequential_native,336843584,4227337856
python,int_sequential_checked,796061083,4227337856
python,int_collection,202204958,4227337856
python,int_constant_checked,761476250,2634022912
python,int_strided_checked,1083065083,4227174912
python,int_random_checked,1567080458,4227337856
python,int_mostly_valid_checked,1887492042,4223109862
python,int_mixed_invalid_checked,1632388084,3170409344
python,struct_sequential_ref,946113000,972888448
python,struct_collection_ref,388360583,972888448
python,struct_random_ref,2209727583,972888448
python,scatter_list,631728375,-280
python,int_sequential_native,332131208,4227337856
python,int_sequential_checked,782967500,4227337856
python,int_collection,198201750,4227337856
python,int_constant_checked,754337542,2634022912
python,int_strided_checked,1086697417,4227174912
python,int_random_checked,1605671584,4227337856
python,int_mostly_valid_checked,1840452292,4223109862
python,int_mixed_invalid_checked,1608950333,3170409344
python,struct_sequential_ref,964036958,972888448
python,struct_collection_ref,390636375,972888448
python,struct_random_ref,2116453166,972888448
python,scatter_list,633913833,-280
python,int_sequential_native,332488334,4227337856
python,int_sequential_checked,797850958,4227337856
python,int_collection,204923583,4227337856
python,int_constant_checked,756092792,2634022912
python,int_strided_checked,1066857458,4227174912
python,int_random_checked,1612548042,4227337856
python,int_mostly_valid_checked,1890260125,4223109862
python,int_mixed_invalid_checked,1570824750,3170409344
python,struct_sequential_ref,960207500,972888448
python,struct_collection_ref,391513375,972888448
python,struct_random_ref,2182905750,972888448
python,scatter_list,621251875,-280
python,int_sequential_native,329253000,4227337856
python,int_sequential_checked,795466459,4227337856
python,int_collection,202478583,4227337856
python,int_constant_checked,760558250,2634022912
python,int_strided_checked,1075817917,4227174912
python,int_random_checked,1586246291,4227337856
python,int_mostly_valid_checked,1868237084,4223109862
python,int_mixed_invalid_checked,1618710459,3170409344
python,struct_sequential_ref,945212750,972888448
python,struct_collection_ref,387294000,972888448
python,struct_random_ref,2190013833,972888448
python,scatter_list,635984708,-280
python,int_sequential_native,332918458,4227337856
python,int_sequential_checked,783273333,4227337856
python,int_collection,200067958,4227337856
python,int_constant_checked,750502333,2634022912
python,int_strided_checked,1078258208,4227174912
python,int_random_checked,1615282292,4227337856
python,int_mostly_valid_checked,1835348042,4223109862
python,int_mixed_invalid_checked,1601026000,3170409344
python,struct_sequential_ref,959247291,972888448
python,struct_collection_ref,390174292,972888448
python,struct_random_ref,2175801166,972888448
python,scatter_list,640176000,-280
python,int_sequential_native,330367250,4227337856
python,int_sequential_checked,791951958,4227337856
python,int_collection,204554416,4227337856
python,int_constant_checked,760852875,2634022912
python,int_strided_checked,1063024583,4227174912
python,int_random_checked,1626967541,4227337856
python,int_mostly_valid_checked,1887786875,4223109862
python,int_mixed_invalid_checked,1570683333,3170409344
python,struct_sequential_ref,959913292,972888448
python,struct_collection_ref,392445959,972888448
python,struct_random_ref,2179472708,972888448
python,scatter_list,613570292,-280
