config,implementation,benchmark,parameter,metric,value
default,rae,spawnJoin,100000,oneAtATimeUsPerTask,1.20545
default,rae,spawnJoin,100000,batched256UsPerTask,3.07303
default,rae,spawnJoin,100000,checksum,1.00001e+10
default,rae,spawnJoin,100000,rssMb,7.0625
workers=8,tokio,spawnJoin,100000,oneAtATimeUsPerTask,8.03383583
workers=8,tokio,spawnJoin,100000,batched256UsPerTask,0.23042791999999998
workers=8,tokio,spawnJoin,100000,checksum,10000100000
workers=8,tokio,spawnJoin,100000,rssMb,2.28125
default,rae,sleeps,1000,spawnAllMs,3.66446
default,rae,sleeps,1000,wallMs,103.866
default,rae,sleeps,1000,finished,1000
default,rae,sleeps,1000,rssMb,7.64062
default,rae,sleeps,2000,spawnAllMs,8.11775
default,rae,sleeps,2000,wallMs,108.36
default,rae,sleeps,2000,finished,2000
default,rae,sleeps,2000,rssMb,7.67188
default,rae,sleeps,5000,spawnAllMs,25.0901
default,rae,sleeps,5000,wallMs,125.614
default,rae,sleeps,5000,finished,5000
default,rae,sleeps,5000,rssMb,8.95312
default,rae,sleeps,10000,spawnAllMs,4.64621
default,rae,sleeps,10000,wallMs,107.021
default,rae,sleeps,10000,finished,10000
default,rae,sleeps,10000,rssMb,10.1875
default,rae,sleeps,15000,spawnAllMs,8.13221
default,rae,sleeps,15000,wallMs,110.502
default,rae,sleeps,15000,finished,15000
default,rae,sleeps,15000,rssMb,11.875
default,rae,sleeps,20000,spawnAllMs,13.549
default,rae,sleeps,20000,wallMs,118.321
default,rae,sleeps,20000,finished,20000
default,rae,sleeps,20000,rssMb,13.3125
default,rae,sleeps,50000,spawnAllMs,29.0933
default,rae,sleeps,50000,wallMs,139.313
default,rae,sleeps,50000,finished,50000
default,rae,sleeps,50000,rssMb,22.4062
workers=8,tokio,sleeps,10000,spawnAllMs,2.141
workers=8,tokio,sleeps,10000,wallMs,114.695083
workers=8,tokio,sleeps,10000,finished,10000
workers=8,tokio,sleeps,10000,rssMb,4.78125
workers=8,tokio,sleeps,100000,spawnAllMs,25.579
workers=8,tokio,sleeps,100000,wallMs,165.793125
workers=8,tokio,sleeps,100000,finished,100000
workers=8,tokio,sleeps,100000,rssMb,27.5625
workers=8,tokio,sleeps,1000000,spawnAllMs,232.36712500000002
workers=8,tokio,sleeps,1000000,wallMs,829.967708
workers=8,tokio,sleeps,1000000,finished,1000000
workers=8,tokio,sleeps,1000000,rssMb,255.125
default,rae,held,10000,spawnAllMs,9.61754
default,rae,held,10000,allAlive,1
default,rae,held,10000,finished,10000
default,rae,held,10000,rssMb,10.9844
default,rae,held,15000,spawnAllMs,5.60104
default,rae,held,15000,allAlive,1
default,rae,held,15000,finished,15000
default,rae,held,15000,rssMb,13.0469
default,rae,held,16000,spawnAllMs,7.00258
default,rae,held,16000,allAlive,1
default,rae,held,16000,finished,16000
default,rae,held,16000,rssMb,13.625
default,rae,held,17000,spawnAllMs,8.2355
default,rae,held,17000,allAlive,1
default,rae,held,17000,finished,17000
default,rae,held,17000,rssMb,13.8438
default,rae,held,20000,spawnAllMs,9.28933
default,rae,held,20000,allAlive,1
default,rae,held,20000,finished,20000
default,rae,held,20000,rssMb,15.0625
default,rae,held,30000,spawnAllMs,75.1568
default,rae,held,30000,allAlive,1
default,rae,held,30000,finished,30000
default,rae,held,30000,rssMb,18.9844
default,rae,latency,10000,spawnToRunningP50Us,0.625
default,rae,latency,10000,spawnToRunningP90Us,1.167
default,rae,latency,10000,spawnToRunningP99Us,3.542
default,rae,latency,10000,spawnToRunningMaxUs,171.416
default,rae,latency,10000,spawnToGetP50Us,0.708
default,rae,latency,10000,spawnToGetP90Us,1.708
default,rae,latency,10000,spawnToGetP99Us,16.458
default,rae,latency,10000,spawnToGetMaxUs,342.125
default,rae,latency,10000,rssMb,7
workers=8,tokio,latency,10000,spawnToRunningP50Us,4.25
workers=8,tokio,latency,10000,spawnToRunningP90Us,12.333
workers=8,tokio,latency,10000,spawnToRunningP99Us,34.833
workers=8,tokio,latency,10000,spawnToRunningMaxUs,112.792
workers=8,tokio,latency,10000,spawnToGetP50Us,9.292
workers=8,tokio,latency,10000,spawnToGetP90Us,23.584
workers=8,tokio,latency,10000,spawnToGetP99Us,53.917
workers=8,tokio,latency,10000,spawnToGetMaxUs,300.959
workers=8,tokio,latency,10000,rssMb,2.78125
leaves=1,rae,sum,16000000,sequentialMs,2.71542
leaves=1,rae,sum,16000000,oneCopyMs,11.6752
leaves=1,rae,sum,16000000,forkJoinMs,12.496
leaves=1,rae,sum,16000000,parallelLoopMs,1.67
leaves=1,rae,sum,16000000,leaves,1
leaves=1,rae,sum,16000000,wrong,0
leaves=1,rae,sum,16000000,rssMb,373.438
leaves=2,rae,sum,8000000,sequentialMs,2.76667
leaves=2,rae,sum,8000000,oneCopyMs,11.8942
leaves=2,rae,sum,8000000,forkJoinMs,23.4326
leaves=2,rae,sum,8000000,parallelLoopMs,1.64237
leaves=2,rae,sum,8000000,leaves,2
leaves=2,rae,sum,8000000,wrong,0
leaves=2,rae,sum,8000000,rssMb,495.438
leaves=4,rae,sum,4000000,sequentialMs,2.45554
leaves=4,rae,sum,4000000,oneCopyMs,11.8454
leaves=4,rae,sum,4000000,forkJoinMs,28.4753
leaves=4,rae,sum,4000000,parallelLoopMs,1.65037
leaves=4,rae,sum,4000000,leaves,4
leaves=4,rae,sum,4000000,wrong,0
leaves=4,rae,sum,4000000,rssMb,556.781
leaves=8,rae,sum,2000000,sequentialMs,2.34587
leaves=8,rae,sum,2000000,oneCopyMs,11.6135
leaves=8,rae,sum,2000000,forkJoinMs,29.8661
leaves=8,rae,sum,2000000,parallelLoopMs,1.48442
leaves=8,rae,sum,2000000,leaves,8
leaves=8,rae,sum,2000000,wrong,0
leaves=8,rae,sum,2000000,rssMb,618.016
leaves=64,rae,sum,250000,sequentialMs,2.35271
leaves=64,rae,sum,250000,oneCopyMs,11.6227
leaves=64,rae,sum,250000,forkJoinMs,34.4985
leaves=64,rae,sum,250000,parallelLoopMs,1.45517
leaves=64,rae,sum,250000,leaves,64
leaves=64,rae,sum,250000,wrong,0
leaves=64,rae,sum,250000,rssMb,732.734
leaves=1024,rae,sum,15625,sequentialMs,2.52671
leaves=1024,rae,sum,15625,oneCopyMs,11.5922
leaves=1024,rae,sum,15625,forkJoinMs,39.472
leaves=1024,rae,sum,15625,parallelLoopMs,1.42554
leaves=1024,rae,sum,15625,leaves,1024
leaves=1024,rae,sum,15625,wrong,0
leaves=1024,rae,sum,15625,rssMb,944.062
leaves=4096,rae,sum,3906,sequentialMs,2.6375
leaves=4096,rae,sum,3906,oneCopyMs,11.7045
leaves=4096,rae,sum,3906,forkJoinMs,43.1403
leaves=4096,rae,sum,3906,parallelLoopMs,1.40696
leaves=4096,rae,sum,3906,leaves,4096
leaves=4096,rae,sum,3906,wrong,0
leaves=4096,rae,sum,3906,rssMb,988.656
poolWorkers=1,rae,sum,16000000,sequentialMs,2.17358
poolWorkers=1,rae,sum,16000000,oneCopyMs,11.441
poolWorkers=1,rae,sum,16000000,forkJoinMs,12.1743
poolWorkers=1,rae,sum,16000000,parallelLoopMs,6.07504
poolWorkers=1,rae,sum,16000000,leaves,1
poolWorkers=1,rae,sum,16000000,wrong,0
poolWorkers=1,rae,sum,16000000,rssMb,372.234
poolWorkers=2,rae,sum,16000000,sequentialMs,2.36054
poolWorkers=2,rae,sum,16000000,oneCopyMs,11.7089
poolWorkers=2,rae,sum,16000000,forkJoinMs,12.5131
poolWorkers=2,rae,sum,16000000,parallelLoopMs,3.21383
poolWorkers=2,rae,sum,16000000,leaves,1
poolWorkers=2,rae,sum,16000000,wrong,0
poolWorkers=2,rae,sum,16000000,rssMb,372.5
poolWorkers=4,rae,sum,16000000,sequentialMs,2.38629
poolWorkers=4,rae,sum,16000000,oneCopyMs,11.5948
poolWorkers=4,rae,sum,16000000,forkJoinMs,11.9127
poolWorkers=4,rae,sum,16000000,parallelLoopMs,1.74875
poolWorkers=4,rae,sum,16000000,leaves,1
poolWorkers=4,rae,sum,16000000,wrong,0
poolWorkers=4,rae,sum,16000000,rssMb,372.781
poolWorkers=8,rae,sum,16000000,sequentialMs,2.32071
poolWorkers=8,rae,sum,16000000,oneCopyMs,11.5898
poolWorkers=8,rae,sum,16000000,forkJoinMs,12.2632
poolWorkers=8,rae,sum,16000000,parallelLoopMs,1.41158
poolWorkers=8,rae,sum,16000000,leaves,1
poolWorkers=8,rae,sum,16000000,wrong,0
poolWorkers=8,rae,sum,16000000,rssMb,373.438
workers=1,tokio,sum,15625,sequentialMs,2.851416
workers=1,tokio,sum,15625,forkJoinMs,3.9794169999999998
workers=1,tokio,sum,15625,leaves,1024
workers=1,tokio,sum,15625,wrong,0
workers=1,tokio,sum,15625,rssMb,124.266
workers=2,tokio,sum,15625,sequentialMs,2.865375
workers=2,tokio,sum,15625,forkJoinMs,2.6205
workers=2,tokio,sum,15625,leaves,1024
workers=2,tokio,sum,15625,wrong,0
workers=2,tokio,sum,15625,rssMb,124.266
workers=4,tokio,sum,15625,sequentialMs,2.6545
workers=4,tokio,sum,15625,forkJoinMs,1.785417
workers=4,tokio,sum,15625,leaves,1024
workers=4,tokio,sum,15625,wrong,0
workers=4,tokio,sum,15625,rssMb,124.344
workers=8,tokio,sum,15625,sequentialMs,2.680375
workers=8,tokio,sum,15625,forkJoinMs,1.5425
workers=8,tokio,sum,15625,leaves,1024
workers=8,tokio,sum,15625,wrong,0
workers=8,tokio,sum,15625,rssMb,124.516
leaves=1,rae,sort,2000000,sequentialMs,177.899
leaves=1,rae,sort,2000000,forkJoinMs,175.024
leaves=1,rae,sort,2000000,leaves,1
leaves=1,rae,sort,2000000,wrong,0
leaves=1,rae,sort,2000000,rssMb,125.844
leaves=2,rae,sort,1000000,sequentialMs,177.474
leaves=2,rae,sort,1000000,forkJoinMs,99.6895
leaves=2,rae,sort,1000000,leaves,2
leaves=2,rae,sort,1000000,wrong,0
leaves=2,rae,sort,1000000,rssMb,207.578
leaves=4,rae,sort,500000,sequentialMs,177.879
leaves=4,rae,sort,500000,forkJoinMs,58.9594
leaves=4,rae,sort,500000,leaves,4
leaves=4,rae,sort,500000,wrong,0
leaves=4,rae,sort,500000,rssMb,275.562
leaves=8,rae,sort,250000,sequentialMs,177.901
leaves=8,rae,sort,250000,forkJoinMs,41.8777
leaves=8,rae,sort,250000,leaves,8
leaves=8,rae,sort,250000,wrong,0
leaves=8,rae,sort,250000,rssMb,355.234
leaves=64,rae,sort,31250,sequentialMs,179.814
leaves=64,rae,sort,31250,forkJoinMs,38.7292
leaves=64,rae,sort,31250,leaves,64
leaves=64,rae,sort,31250,wrong,0
leaves=64,rae,sort,31250,rssMb,518.719
leaves=1024,rae,sort,1953,sequentialMs,177.346
leaves=1024,rae,sort,1953,forkJoinMs,38.1484
leaves=1024,rae,sort,1953,leaves,1024
leaves=1024,rae,sort,1953,wrong,0
leaves=1024,rae,sort,1953,rssMb,772.25
leaves=4096,rae,sort,488,sequentialMs,176.941
leaves=4096,rae,sort,488,forkJoinMs,43.0362
leaves=4096,rae,sort,488,leaves,4098
leaves=4096,rae,sort,488,wrong,0
leaves=4096,rae,sort,488,rssMb,916.516
workers=1,tokio,sort,1953,sequentialMs,108.148458
workers=1,tokio,sort,1953,forkJoinMs,110.25649999999999
workers=1,tokio,sort,1953,leaves,1024
workers=1,tokio,sort,1953,wrong,0
workers=1,tokio,sort,1953,rssMb,266.891
workers=2,tokio,sort,1953,sequentialMs,109.586709
workers=2,tokio,sort,1953,forkJoinMs,64.361333
workers=2,tokio,sort,1953,leaves,1024
workers=2,tokio,sort,1953,wrong,0
workers=2,tokio,sort,1953,rssMb,274.016
workers=4,tokio,sort,1953,sequentialMs,109.57537500000001
workers=4,tokio,sort,1953,forkJoinMs,36.939750000000004
workers=4,tokio,sort,1953,leaves,1024
workers=4,tokio,sort,1953,wrong,0
workers=4,tokio,sort,1953,rssMb,275.578
workers=8,tokio,sort,1953,sequentialMs,108.373041
workers=8,tokio,sort,1953,forkJoinMs,24.248042
workers=8,tokio,sort,1953,leaves,1024
workers=8,tokio,sort,1953,wrong,0
workers=8,tokio,sort,1953,rssMb,267.516
leaves=8+workers=1,rae,work,1048576,sequentialMs,776.915
leaves=8+workers=1,rae,work,1048576,forkJoinMs,781.162
leaves=8+workers=1,rae,work,1048576,leaves,8
leaves=8+workers=1,rae,work,1048576,wrong,0
leaves=8+workers=1,rae,work,1048576,rssMb,5.95312
leaves=64+workers=1,rae,work,131072,sequentialMs,771.463
leaves=64+workers=1,rae,work,131072,forkJoinMs,762.321
leaves=64+workers=1,rae,work,131072,leaves,64
leaves=64+workers=1,rae,work,131072,wrong,0
leaves=64+workers=1,rae,work,131072,rssMb,6.04688
leaves=512+workers=1,rae,work,16384,sequentialMs,767.515
leaves=512+workers=1,rae,work,16384,forkJoinMs,764.775
leaves=512+workers=1,rae,work,16384,leaves,512
leaves=512+workers=1,rae,work,16384,wrong,0
leaves=512+workers=1,rae,work,16384,rssMb,6.04688
leaves=4096+workers=1,rae,work,2048,sequentialMs,764.71
leaves=4096+workers=1,rae,work,2048,forkJoinMs,772.035
leaves=4096+workers=1,rae,work,2048,leaves,4096
leaves=4096+workers=1,rae,work,2048,wrong,0
leaves=4096+workers=1,rae,work,2048,rssMb,6.07812
leaves=32768+workers=1,rae,work,256,sequentialMs,778.131
leaves=32768+workers=1,rae,work,256,forkJoinMs,791.876
leaves=32768+workers=1,rae,work,256,leaves,32768
leaves=32768+workers=1,rae,work,256,wrong,0
leaves=32768+workers=1,rae,work,256,rssMb,6.125
leaves=8+workers=8,rae,work,1048576,sequentialMs,785.704
leaves=8+workers=8,rae,work,1048576,forkJoinMs,146.557
leaves=8+workers=8,rae,work,1048576,leaves,8
leaves=8+workers=8,rae,work,1048576,wrong,0
leaves=8+workers=8,rae,work,1048576,rssMb,7.14062
leaves=64+workers=8,rae,work,131072,sequentialMs,767.08
leaves=64+workers=8,rae,work,131072,forkJoinMs,113.45
leaves=64+workers=8,rae,work,131072,leaves,64
leaves=64+workers=8,rae,work,131072,wrong,0
leaves=64+workers=8,rae,work,131072,rssMb,7.3125
leaves=512+workers=8,rae,work,16384,sequentialMs,767.041
leaves=512+workers=8,rae,work,16384,forkJoinMs,109.357
leaves=512+workers=8,rae,work,16384,leaves,512
leaves=512+workers=8,rae,work,16384,wrong,0
leaves=512+workers=8,rae,work,16384,rssMb,7.3125
leaves=4096+workers=8,rae,work,2048,sequentialMs,765.36
leaves=4096+workers=8,rae,work,2048,forkJoinMs,108.384
leaves=4096+workers=8,rae,work,2048,leaves,4096
leaves=4096+workers=8,rae,work,2048,wrong,0
leaves=4096+workers=8,rae,work,2048,rssMb,7.40625
leaves=32768+workers=8,rae,work,256,sequentialMs,763.05
leaves=32768+workers=8,rae,work,256,forkJoinMs,112.248
leaves=32768+workers=8,rae,work,256,leaves,32768
leaves=32768+workers=8,rae,work,256,wrong,0
leaves=32768+workers=8,rae,work,256,rssMb,8.64062
